Date,Caging_Period,Flock_Generation,Number of Flocks,Average Age of Flock (weeks),Feed Intake (kgs per day),Egg Yield (per day),Yield_Per_Bird,Temperature,Humidity
2024-02-02,1,1,250,69,38.5,196,0.784,25.6,82
2024-02-03,1,1,250,69,38.5,203,0.812,25.7,84
2024-02-04,1,1,250,69,38.5,212,0.848,26.7,81
2024-02-05,1,1,250,69,38.5,195,0.78,26.9,80
2024-02-06,1,1,250,69,38.5,195,0.78,26.3,81
2024-02-07,1,1,250,69,38.5,212,0.848,25.8,82
2024-02-08,1,1,250,70,38.5,204,0.816,26.2,79
2024-02-09,1,1,250,70,38.5,192,0.768,26.3,80
2024-02-10,1,1,250,70,38.5,202,0.808,25.8,80
2024-02-11,1,1,250,70,38.5,174,0.696,25.9,75
2024-02-12,1,1,250,70,38.5,174,0.696,25.7,69
2024-02-13,1,1,250,70,38.5,199,0.796,25.6,82
2024-02-14,1,1,250,70,38.5,178,0.712,26.4,82
2024-02-15,1,1,250,71,38.5,180,0.72,26.3,82
2024-02-16,1,1,250,71,38.5,191,0.764,26.3,79
2024-02-17,1,1,250,71,38.5,187,0.748,25.8,80
2024-02-18,1,1,250,71,38.5,200,0.8,26.6,78
2024-02-19,1,1,250,71,38.5,170,0.68,27.0,75
2024-02-20,1,1,250,71,38.5,166,0.664,26.6,73
2024-02-21,1,1,250,71,38.5,191,0.764,26.6,74
2024-02-22,1,1,250,72,38.5,195,0.78,26.7,81
2024-02-23,1,1,250,72,38.5,198,0.792,26.7,80
2024-02-24,1,1,250,72,38.5,183,0.732,26.7,80
2024-02-25,1,1,250,72,38.5,192,0.768,26.8,79
2024-02-26,1,1,250,72,38.5,179,0.716,26.3,72
2024-02-27,1,1,250,72,38.5,186,0.744,25.9,76
2024-02-28,1,1,250,72,38.5,201,0.804,25.9,76
2024-02-29,1,1,250,73,38.5,173,0.692,26.7,75
2024-03-01,1,1,250,73,38.5,194,0.776,26.7,76
2024-03-02,1,1,248,73,38.0,171,0.6895,26.3,74
2024-03-03,1,1,248,73,38.0,213,0.8589,26.1,76
2024-03-04,1,1,248,73,38.0,177,0.7137,27.1,75
2024-03-05,1,1,248,73,38.0,167,0.6734,27.5,73
2024-03-06,1,1,248,73,38.0,203,0.8185,27.8,76
2024-03-07,1,1,248,74,38.0,183,0.7379,26.9,79
2024-03-08,1,1,248,74,38.0,197,0.7944,26.5,76
2024-03-09,1,1,248,74,38.0,176,0.7097,26.7,76
2024-03-10,1,1,248,74,38.0,182,0.7339,25.7,82
2024-03-11,1,1,248,74,38.0,197,0.7944,26.2,85
2024-03-12,1,1,248,74,38.0,203,0.8185,26.9,82
2024-03-13,1,1,248,74,38.0,197,0.7944,26.7,80
2024-03-14,1,1,248,75,38.0,194,0.7823,26.5,81
2024-03-15,1,1,248,75,38.0,192,0.7742,27.0,79
2024-03-16,1,1,248,75,38.0,181,0.7298,27.0,77
2024-03-17,1,1,248,75,38.0,188,0.7581,27.1,76
2024-03-18,1,1,248,75,38.0,191,0.7702,26.2,78
2024-03-19,1,1,248,75,38.0,206,0.8306,26.5,78
2024-03-20,1,1,248,75,38.0,180,0.7258,26.7,74
2024-03-21,1,1,248,76,38.0,161,0.6492,26.4,75
2024-03-22,1,1,248,76,38.0,198,0.7984,26.4,79
2024-03-23,1,1,248,76,38.0,192,0.7742,27.1,78
2024-03-24,1,1,248,76,38.0,189,0.7621,27.3,76
2024-03-25,1,1,248,76,38.0,182,0.7339,27.5,75
2024-03-26,1,1,248,76,38.0,205,0.8266,28.3,81
2024-03-27,1,1,248,76,38.0,204,0.8226,27.8,85
2024-03-28,1,1,248,77,38.0,187,0.754,28.3,83
2024-03-29,1,1,248,77,38.0,192,0.7742,28.2,82
2024-03-30,1,1,248,77,38.0,199,0.8024,27.5,77
2024-03-31,1,1,248,77,38.0,205,0.8266,27.4,82
2024-04-01,1,1,246,77,37.5,189,0.7683,28.3,78
2024-04-02,1,1,246,77,37.5,174,0.7073,28.6,73
2024-04-03,1,1,246,77,37.5,166,0.6748,28.4,74
2024-04-04,1,1,246,78,37.5,165,0.6707,29.1,73
2024-04-05,1,1,246,78,37.5,182,0.7398,29.1,73
2024-04-06,1,1,246,78,37.5,187,0.7602,29.4,73
2024-04-07,1,1,246,78,37.5,193,0.7846,28.7,76
2024-04-08,1,1,246,78,37.5,203,0.8252,28.6,76
2024-04-09,1,1,246,78,37.5,197,0.8008,28.7,77
2024-04-10,1,1,246,78,37.5,170,0.6911,28.3,73
2024-04-11,1,1,246,79,37.5,178,0.7236,28.6,72
2024-04-12,1,1,246,79,37.5,209,0.8496,28.1,77
2024-04-13,1,1,246,79,37.5,193,0.7846,28.8,76
2024-04-14,1,1,246,79,37.5,209,0.8496,28.7,78
2024-04-15,1,1,246,79,37.5,152,0.6179,29.2,75
2024-04-16,1,1,246,79,37.5,182,0.7398,29.1,73
2024-04-17,1,1,246,79,37.5,176,0.7154,28.8,74
2024-04-18,1,1,246,80,37.5,173,0.7033,29.6,72
2024-04-19,1,1,246,80,37.5,176,0.7154,29.6,74
2024-04-20,1,1,246,80,37.5,158,0.6423,29.7,69
2024-04-21,1,1,246,80,37.5,173,0.7033,29.4,70
2024-04-22,1,1,246,80,37.5,178,0.7236,29.9,75
2024-04-23,1,1,246,80,37.5,208,0.8455,29.3,80
2024-04-24,1,1,246,80,37.5,189,0.7683,28.9,83
2024-04-25,1,1,246,81,37.5,168,0.6829,29.1,75
2024-04-26,1,1,246,81,37.5,171,0.6951,29.9,72
2024-04-27,1,1,246,81,37.5,172,0.6992,30.1,77
2024-04-28,1,1,246,81,37.5,151,0.6138,30.2,74
2024-04-29,1,1,246,81,37.5,171,0.6951,29.9,74
2024-04-30,1,1,246,81,37.5,153,0.622,30.2,74
2024-05-01,1,1,246,82,44.5,198,0.8049,28.3,83
2024-05-02,1,1,246,82,44.5,195,0.7927,28.2,82
2024-05-03,1,1,246,82,44.5,192,0.7805,27.5,77
2024-05-04,1,1,246,83,44.5,190,0.7724,27.4,82
2024-05-05,1,1,246,83,44.5,188,0.7642,28.3,78
2024-05-06,1,1,246,83,44.5,185,0.752,28.6,73
2024-05-07,1,1,246,83,44.5,182,0.7398,28.4,74
2024-05-08,1,1,246,83,44.5,179,0.7276,29.1,73
2024-05-09,1,1,246,84,44.5,177,0.7195,29.1,73
2024-05-10,1,1,246,84,44.5,175,0.7114,29.4,73
2024-05-11,1,1,246,84,44.5,173,0.7033,28.7,76
2024-05-12,1,1,246,84,44.5,171,0.6951,28.6,76
2024-05-13,1,1,246,84,44.5,169,0.687,28.7,77
2024-05-14,1,1,246,85,44.5,167,0.6789,28.3,73
2024-05-15,1,1,246,85,44.5,165,0.6707,28.6,72
2024-05-16,1,1,246,85,44.5,163,0.6626,28.1,77
2024-05-17,1,1,246,85,44.5,161,0.6545,28.8,76
2024-05-18,1,1,246,85,44.5,159,0.6463,28.7,78
2024-05-19,1,1,246,86,44.5,157,0.6382,29.2,75
2024-05-20,1,1,246,86,44.5,155,0.6301,29.1,73
2024-05-21,1,1,246,86,44.5,153,0.622,28.8,74
2024-05-22,1,1,246,86,44.5,151,0.6138,29.6,72
2024-05-23,1,1,246,86,44.5,149,0.6057,29.6,74
2024-05-24,1,1,246,87,44.5,147,0.5976,29.7,69
2024-05-25,1,1,246,87,44.5,145,0.5894,29.4,70
2024-05-26,1,1,246,87,44.5,143,0.5813,29.9,75
2024-05-27,1,1,246,87,44.5,141,0.5732,29.3,80
2024-05-28,1,1,246,87,44.5,139,0.565,28.9,83
2024-05-29,1,1,246,88,44.5,137,0.5569,29.1,75
2024-05-30,1,1,246,88,44.5,135,0.5488,29.9,72
2024-05-31,1,1,246,88,44.5,133,0.5407,30.1,77
2024-06-01,1,1,246,88,44.5,131,0.5325,30.2,74
2024-06-02,1,1,246,88,44.5,129,0.5244,29.9,74
2024-06-03,1,1,246,89,44.5,128,0.5203,30.2,74
2024-06-04,1,1,246,89,44.5,126,0.5122,30.6,69
2024-06-05,1,1,246,89,44.5,124,0.5041,30.1,70
2024-06-06,1,1,246,89,44.5,123,0.5,29.5,74
2024-06-07,1,1,246,89,44.5,122,0.4959,29.9,73
2024-06-08,1,1,246,90,44.5,121,0.4919,29.8,75
2024-06-09,1,1,246,90,44.5,120,0.4878,29.8,75
2024-06-10,1,1,246,90,44.5,119,0.4837,29.5,74
2024-06-11,1,1,246,90,44.5,118,0.4797,29.7,74
2024-06-12,1,1,246,90,44.5,117,0.4756,29.9,73
2024-06-13,1,1,246,91,44.5,116,0.4715,29.4,76
2024-06-14,1,1,246,91,44.5,115,0.4675,30.0,75
2024-06-15,1,1,246,91,44.5,114,0.4634,29.8,79
2024-06-16,1,1,246,91,44.5,113,0.4593,30.1,79
2024-06-17,1,1,246,91,44.5,112,0.4553,30.1,76
2024-08-04,2,1,238,95,36.5,184,0.7731,28.1,86
2024-08-05,2,1,238,95,36.5,184,0.7731,27.9,87
2024-08-06,2,1,238,95,36.5,174,0.7311,27.7,86
2024-08-07,2,1,238,95,36.5,190,0.7983,28.6,82
2024-08-08,2,1,238,96,36.5,190,0.7983,28.6,84
2024-08-09,2,1,238,96,36.5,187,0.7857,28.7,84
2024-08-10,2,1,238,96,36.5,185,0.7773,28.4,84
2024-08-11,2,1,238,96,36.5,174,0.7311,28.7,83
2024-08-12,2,1,238,96,36.5,183,0.7689,28.9,83
2024-08-13,2,1,238,96,36.5,184,0.7731,29.1,81
2024-08-14,2,1,238,96,36.5,180,0.7563,28.9,83
2024-08-15,2,1,238,97,36.5,186,0.7815,29.2,82
2024-08-16,2,1,238,97,36.5,191,0.8025,29.4,80
2024-08-17,2,1,238,97,36.5,205,0.8613,29.5,81
2024-08-18,2,1,238,97,36.5,189,0.7941,29.2,81
2024-08-19,2,1,238,97,36.5,190,0.7983,28.7,82
2024-08-20,2,1,238,97,36.5,187,0.7857,28.2,86
2024-08-21,2,1,238,97,36.5,169,0.7101,28.7,85
2024-08-22,2,1,238,98,36.5,187,0.7857,28.5,85
2024-08-23,2,1,238,98,36.5,188,0.7899,28.2,88
2024-08-24,2,1,238,98,36.5,211,0.8866,27.8,90
2024-08-25,2,1,238,98,36.5,186,0.7815,27.5,90
2024-08-26,2,1,238,98,36.5,190,0.7983,27.2,89
2024-08-27,2,1,238,98,36.5,187,0.7857,27.2,91
2024-08-28,2,1,238,98,36.5,176,0.7395,27.3,91
2024-08-29,2,1,236,99,36.0,196,0.8305,28.1,86
2024-08-30,2,1,236,99,36.0,193,0.8178,28.8,84
2024-08-31,2,1,236,99,36.0,193,0.8178,28.1,88
2024-09-01,2,1,236,99,36.0,177,0.75,27.0,94
2024-09-02,2,1,236,99,36.0,199,0.8432,27.0,88
2024-09-03,2,1,236,99,36.0,173,0.7331,28.0,86
2024-09-04,2,1,236,99,36.0,191,0.8093,28.1,85
2024-09-05,2,1,236,100,36.0,206,0.8729,28.1,86
2024-09-06,2,1,236,100,36.0,150,0.6356,28.1,86
2024-09-07,2,1,236,100,36.0,153,0.6483,28.3,85
2024-09-08,2,1,236,100,36.0,159,0.6737,28.1,88
2024-09-09,2,1,236,100,36.0,154,0.6525,28.2,86
2024-09-10,2,1,236,100,36.0,146,0.6186,28.3,85
2024-09-11,2,1,236,100,36.0,159,0.6737,27.8,87
2024-09-12,2,1,236,101,36.0,150,0.6356,27.4,90
2024-09-13,2,1,236,101,36.0,162,0.6864,26.8,93
2024-09-14,2,1,236,101,36.0,151,0.6398,26.4,94
2024-09-15,2,1,236,101,36.0,170,0.7203,26.4,94
2024-09-16,2,1,236,101,36.0,152,0.6441,26.7,92
2024-09-17,2,1,236,101,36.0,155,0.6568,26.7,90
2024-09-18,2,1,236,101,36.0,164,0.6949,27.3,88
2024-09-19,2,1,236,102,36.0,148,0.6271,27.8,86
2024-09-20,2,1,236,102,36.0,160,0.678,27.3,89
2024-09-21,2,1,236,102,36.0,168,0.7119,26.6,94
2024-09-22,2,1,236,102,36.0,145,0.6144,27.2,92
2024-09-23,2,1,236,102,36.0,159,0.6737,28.1,87
2024-09-24,2,1,236,102,36.0,160,0.678,28.4,84
2024-09-25,2,1,236,102,36.0,164,0.6949,28.3,84
2024-09-26,2,1,236,103,36.0,148,0.6271,28.5,81
2024-09-27,2,1,236,103,36.0,148,0.6271,28.5,84
2024-09-28,2,1,234,103,36.0,161,0.688,28.5,84
2024-09-29,2,1,234,103,36.0,159,0.6795,28.9,81
2024-09-30,2,1,234,103,36.0,159,0.6795,28.6,81
2024-10-01,2,1,234,103,36.0,159,0.6795,28.8,80
2024-10-02,2,1,234,103,36.0,151,0.6453,28.9,79
2024-10-03,2,1,234,104,36.0,158,0.6752,28.3,84
2024-10-04,2,1,234,104,36.0,159,0.6795,28.0,85
2024-10-05,2,1,234,104,36.0,151,0.6453,27.5,87
2024-10-06,2,1,234,104,36.0,171,0.7308,26.8,91
2024-10-07,2,1,234,104,36.0,160,0.6838,27.1,90
2024-10-08,2,1,234,104,36.0,147,0.6282,27.3,89
2024-10-09,2,1,234,104,36.0,162,0.6923,27.4,90
2024-10-10,2,1,234,105,36.0,149,0.6368,27.5,90
2024-10-11,2,1,234,105,36.0,163,0.6966,27.5,90
2024-10-12,2,1,234,105,36.0,166,0.7094,27.6,88
2024-10-13,2,1,234,105,36.0,150,0.641,27.7,86
2024-10-14,2,1,234,105,36.0,164,0.7009,27.8,88
2024-10-15,2,1,234,105,36.0,160,0.6838,28.0,85
2024-10-16,2,1,234,105,36.0,163,0.6966,27.9,83
2024-10-17,2,1,234,106,36.0,171,0.7308,27.6,84
2024-10-18,2,1,234,106,36.0,155,0.6624,27.6,86
2024-10-19,2,1,234,106,36.0,151,0.6453,27.9,86
2024-10-20,2,1,234,106,36.0,150,0.641,27.4,87
2024-10-21,2,1,234,106,36.0,150,0.641,27.3,89
2024-10-22,2,1,234,106,36.0,156,0.6667,25.5,95
2024-10-23,2,1,234,106,36.0,159,0.6795,25.9,90
2024-10-24,2,1,234,107,36.0,159,0.6795,27.7,83
2024-10-25,2,1,234,107,36.0,163,0.6966,27.6,86
2024-10-26,2,1,234,107,36.0,157,0.6709,27.6,86
2024-10-27,2,1,234,107,36.0,168,0.7179,27.1,87
2024-10-28,2,1,232,107,35.5,153,0.6595,27.6,84
2025-02-09,3,2,350,23,56.0,244,0.6971,28.1,79
2025-02-10,3,2,350,23,56.0,250,0.7143,27.0,75
2025-02-11,3,2,350,23,56.0,259,0.74,24.9,87
2025-02-12,3,2,350,23,56.0,245,0.7,26.8,80
2025-02-13,3,2,350,23,56.0,252,0.72,29.4,79
2025-02-14,3,2,350,23,56.0,248,0.7086,25.7,81
2025-02-15,3,2,349,24,56.0,241,0.6905,27.3,76
2025-02-16,3,2,349,24,56.0,250,0.7163,26.2,83
2025-02-17,3,2,349,24,56.0,254,0.7278,24.5,88
2025-02-18,3,2,349,24,56.0,247,0.7077,28.6,80
2025-02-19,3,2,349,24,56.0,256,0.7335,25.9,82
2025-02-20,3,2,349,24,56.0,243,0.6963,27.1,76
2025-02-21,3,2,349,24,56.0,249,0.7135,29.0,81
2025-02-22,3,2,349,25,56.0,252,0.7221,26.5,85
2025-02-23,3,2,349,25,56.0,246,0.7049,25.3,77
2025-02-24,3,2,349,25,56.0,258,0.7393,28.4,82
2025-02-25,3,2,349,25,56.0,244,0.6991,27.8,80
2025-02-26,3,2,349,25,56.0,251,0.7192,24.8,85
2025-02-27,3,2,349,25,56.0,247,0.7077,26.9,78
2025-02-28,3,2,349,25,56.0,253,0.7249,29.3,83
2025-03-01,3,2,349,26,64.0,278,0.7966,27.4,80
2025-03-02,3,2,349,26,64.0,282,0.808,28.9,76
2025-03-03,3,2,349,26,64.0,275,0.788,26.5,82
2025-03-04,3,2,349,26,64.0,279,0.7994,29.8,75
2025-03-05,3,2,349,26,64.0,284,0.8138,25.7,84
2025-03-06,3,2,349,26,64.0,271,0.7765,28.2,78
2025-03-07,3,2,349,26,64.0,280,0.8023,27.1,80
2025-03-08,3,2,349,27,64.0,283,0.8109,26.3,78
2025-03-09,3,2,349,27,64.0,276,0.7908,29.5,75
2025-03-10,3,2,349,27,64.0,281,0.8052,25.9,83
2025-03-11,3,2,349,27,64.0,285,0.8166,28.4,79
2025-03-12,3,2,349,27,64.0,272,0.7794,27.6,85
2025-03-13,3,2,349,27,64.0,279,0.7994,26.8,77
2025-03-14,3,2,349,27,64.0,284,0.8138,29.1,81
2025-03-15,3,2,349,28,64.0,290,0.8309,25.4,78
2025-03-16,3,2,349,28,64.0,287,0.8223,28.7,81
2025-03-17,3,2,349,28,64.0,281,0.8052,27.9,78
2025-03-18,3,2,349,28,64.0,292,0.8367,26.2,83
2025-03-19,3,2,349,28,64.0,278,0.7966,29.3,76
2025-03-20,3,2,348,28,64.0,285,0.819,27.5,82
2025-03-21,3,2,348,28,64.0,289,0.8305,25.8,79
2025-03-22,3,2,348,29,64.0,293,0.842,28.6,77
2025-03-23,3,2,348,29,64.0,280,0.8046,26.4,82
2025-03-24,3,2,348,29,64.0,291,0.8362,29.7,78
2025-03-25,3,2,348,29,64.0,286,0.8218,27.3,81
2025-03-26,3,2,348,29,64.0,294,0.8448,25.9,77
2025-03-27,3,2,348,29,64.0,282,0.8103,28.8,82
2025-03-28,3,2,348,29,64.0,288,0.8276,27.1,80
2025-03-29,3,2,348,30,64.0,295,0.8477,26.5,76
2025-03-30,3,2,348,30,64.0,283,0.8132,29.2,83
2025-03-31,3,2,348,30,64.0,290,0.8333,27.8,79
2025-04-01,3,2,348,30,58.5,265,0.7615,29.5,74
2025-04-02,3,2,348,30,58.5,259,0.7443,31.2,73
2025-04-03,3,2,348,30,58.5,272,0.7816,28.4,79
2025-04-04,3,2,348,30,58.5,261,0.75,30.8,74
2025-04-05,3,2,348,30,58.5,255,0.7328,32.1,72
2025-04-06,3,2,348,30,58.5,268,0.7701,29.7,76
2025-04-07,3,2,348,30,58.5,263,0.7557,31.5,72
2025-04-08,3,2,348,31,58.5,270,0.7759,28.9,78
2025-04-09,3,2,348,31,58.5,257,0.7385,30.3,75
2025-04-10,3,2,347,31,58.5,264,0.7608,32.4,72
2025-04-11,3,2,347,31,58.5,260,0.7493,29.8,76
2025-04-12,3,2,347,31,58.5,253,0.7291,31.9,73
2025-04-13,3,2,347,31,58.5,269,0.7752,28.5,78
2025-04-14,3,2,347,31,58.5,262,0.755,30.6,75
2025-04-15,3,2,347,32,58.5,255,0.7349,32.7,72
2025-04-16,3,2,347,32,58.5,267,0.7695,29.2,77
2025-04-17,3,2,347,32,58.5,259,0.7464,31.4,74
2025-04-18,3,2,347,32,58.5,264,0.7608,28.7,79
2025-04-19,3,2,347,32,58.5,251,0.7233,32.0,72
2025-04-20,3,2,347,32,58.5,270,0.7781,29.9,77
2025-04-21,3,2,347,32,58.5,257,0.7406,31.1,74
2025-04-22,3,2,347,33,58.5,266,0.7666,28.4,79
2025-04-23,3,2,347,33,58.5,261,0.7522,30.5,74
2025-04-24,3,2,347,33,58.5,254,0.732,32.3,72
2025-04-25,3,2,347,33,58.5,268,0.7723,29.6,78
2025-04-26,3,2,347,33,58.5,263,0.7579,31.7,74
2025-04-27,3,2,347,33,58.5,259,0.7464,28.8,79
2025-04-28,3,2,347,33,58.5,265,0.7637,30.9,73
2025-04-29,3,2,347,34,58.5,252,0.7262,32.5,71
2025-04-30,3,2,347,34,58.5,261,0.7522,29.3,77
2025-05-01,3,2,347,35,58.5,289,0.8329,29.5,74
2025-05-02,3,2,347,35,58.5,283,0.8156,31.2,73
2025-05-03,3,2,347,35,58.5,296,0.853,28.4,79
2025-05-04,3,2,347,35,58.5,285,0.8213,30.8,74
2025-05-05,3,2,347,35,58.5,279,0.804,32.1,72
2025-05-06,3,2,347,36,58.5,292,0.8415,29.7,76
2025-05-07,3,2,347,36,58.5,287,0.8271,31.5,72
2025-05-08,3,2,347,36,58.5,294,0.8473,28.9,78
2025-05-09,3,2,347,36,58.5,281,0.8098,30.3,75
2025-05-10,3,2,346,36,58.5,278,0.8035,32.4,72
2025-05-11,3,2,346,36,58.5,286,0.8266,29.8,76
2025-05-12,3,2,346,37,58.5,275,0.7948,31.9,73
2025-05-13,3,2,346,37,58.5,291,0.841,28.5,78
2025-05-14,3,2,346,37,58.5,284,0.8208,30.6,75
2025-05-15,3,2,346,37,58.5,277,0.8006,32.7,72
2025-05-16,3,2,346,37,58.5,289,0.8353,29.2,77
2025-05-17,3,2,346,37,58.5,281,0.8121,31.4,74
2025-05-18,3,2,346,38,58.5,286,0.8266,28.7,79
2025-05-19,3,2,346,38,58.5,273,0.789,32.0,72
2025-05-20,3,2,346,38,58.5,292,0.8439,29.9,77
2025-05-21,3,2,346,38,58.5,279,0.8064,31.1,74
2025-05-22,3,2,346,38,58.5,288,0.8324,28.4,79
2025-05-23,3,2,346,38,58.5,283,0.8179,30.5,74
2025-05-24,3,2,346,39,58.5,276,0.7977,32.3,72
2025-05-25,3,2,346,39,58.5,290,0.8382,29.6,78
2025-05-26,3,2,346,39,58.5,285,0.8237,31.7,74
2025-05-27,3,2,346,39,58.5,281,0.8121,28.8,79
2025-05-28,3,2,346,39,58.5,287,0.8295,30.9,73
2025-05-29,3,2,346,39,58.5,274,0.7919,32.5,71
2025-05-30,3,2,346,40,58.5,283,0.8179,29.3,77
2025-05-31,3,2,346,40,58.5,281,0.8121,30.1,77
2025-06-01,3,2,346,40,58.5,279,0.8064,30.2,74
2025-06-02,3,2,346,40,58.5,277,0.8006,29.9,74
2025-06-03,3,2,346,40,58.5,275,0.7948,30.2,74
2025-06-04,3,2,346,41,58.5,272,0.7861,30.6,69
2025-06-05,3,2,346,41,58.5,270,0.7803,30.1,70
2025-06-06,3,2,346,41,58.5,268,0.7746,29.5,74
2025-06-07,3,2,346,41,58.5,266,0.7688,29.9,73
2025-06-08,3,2,346,41,58.5,264,0.763,29.8,75
2025-06-09,3,2,346,41,58.5,262,0.7572,29.8,75
2025-06-10,3,2,346,42,58.5,260,0.7514,29.5,74
2025-06-11,3,2,346,42,58.5,258,0.7457,29.7,74
2025-06-12,3,2,346,42,58.5,256,0.7399,29.9,73
2025-06-13,3,2,346,42,58.5,254,0.7341,29.4,76
2025-06-14,3,2,346,42,58.5,252,0.7283,30.0,75
2025-06-15,3,2,346,42,58.5,250,0.7225,29.8,79
2025-06-16,3,2,346,43,58.5,248,0.7168,30.1,79
2025-06-17,3,2,346,43,58.5,246,0.711,30.1,76
2025-06-18,3,2,346,43,58.5,244,0.7052,30.7,74
2025-06-19,3,2,346,43,58.5,242,0.6994,30.2,76
2025-06-20,3,2,346,43,58.5,240,0.6936,30.0,76
2025-06-21,3,2,346,43,58.5,238,0.6879,30.0,77
2025-06-22,3,2,346,44,58.5,236,0.6821,29.8,78
2025-06-23,3,2,346,44,58.5,234,0.6763,30.1,77
2025-06-24,3,2,346,44,58.5,232,0.6705,29.9,78
2025-06-25,3,2,346,44,58.5,230,0.6647,29.9,77
2025-06-26,3,2,346,44,58.5,228,0.659,30.0,76
2025-06-27,3,2,346,44,58.5,226,0.6532,29.3,84
2025-06-28,3,2,346,45,58.5,224,0.6474,27.4,91
2025-06-29,3,2,346,45,58.5,222,0.6416,26.7,92
2025-06-30,3,2,346,45,58.5,220,0.6358,27.6,91
2025-07-01,3,2,345,45,58.0,238,0.6899,28.8,85
2025-07-02,3,2,345,45,58.0,240,0.6957,28.9,84
2025-07-03,3,2,345,46,58.0,242,0.7014,29.5,80
2025-07-04,3,2,345,46,58.0,244,0.7072,29.3,82
2025-07-05,3,2,345,46,58.0,246,0.713,29.6,82
2025-07-06,3,2,345,46,58.0,248,0.7188,29.6,82
2025-07-07,3,2,345,46,58.0,250,0.7246,29.3,83
2025-07-08,3,2,345,47,58.0,252,0.7304,28.9,87
2025-08-20,4,2,347,50,58.5,301,0.8674,28.5,84
2025-08-21,4,2,347,50,58.5,289,0.8329,27.8,86
2025-08-22,4,2,347,51,58.5,296,0.853,29.1,82
2025-08-23,4,2,347,51,58.5,292,0.8415,26.4,88
2025-08-24,4,2,346,51,58.0,300,0.8671,28.8,85
2025-08-25,4,2,346,51,58.0,287,0.8295,27.5,87
2025-08-26,4,2,346,51,58.0,295,0.8526,29.3,81
2025-08-27,4,2,346,51,58.0,291,0.841,26.6,88
2025-08-28,4,2,346,51,58.0,303,0.8757,28.4,84
2025-08-29,4,2,346,52,58.0,294,0.8497,27.2,85
2025-08-30,4,2,346,52,58.0,298,0.8613,29.6,83
2025-08-31,4,2,346,52,58.0,290,0.8382,28.1,86
2025-09-01,4,2,346,52,58.0,297,0.8584,27.9,85
2025-09-02,4,2,346,52,58.0,292,0.8439,28.7,88
2025-09-03,4,2,346,52,58.0,305,0.8815,26.3,83
2025-09-04,4,2,346,52,58.0,289,0.8353,29.4,86
2025-09-05,4,2,346,52,58.0,300,0.8671,27.8,83
2025-09-06,4,2,346,52,58.0,294,0.8497,28.5,87
2025-09-07,4,2,346,53,58.0,291,0.841,26.9,84
2025-09-08,4,2,346,53,58.0,303,0.8757,29.2,86
2025-09-09,4,2,346,53,58.0,288,0.8324,27.6,84
2025-09-10,4,2,346,53,58.0,299,0.8642,28.3,88
2025-09-11,4,2,346,53,58.0,293,0.8468,26.5,85
2025-09-12,4,2,346,53,58.0,301,0.8699,29.1,86
2025-09-13,4,2,346,53,58.0,290,0.8382,27.4,82
2025-09-14,4,2,346,53,58.0,296,0.8555,28.8,88
2025-09-15,4,2,346,54,58.0,292,0.8439,27.2,84
2025-09-16,4,2,346,54,58.0,304,0.8786,29.5,86
2025-09-17,4,2,346,54,58.0,289,0.8353,26.7,84
2025-09-18,4,2,345,54,58.0,297,0.8609,28.9,86
2025-09-19,4,2,345,54,58.0,291,0.8435,27.5,83
2025-09-20,4,2,345,54,58.0,300,0.8696,29.3,87
2025-09-21,4,2,345,54,58.0,294,0.8522,26.8,84
2025-09-22,4,2,345,55,58.0,288,0.8348,28.6,87
2025-09-23,4,2,345,55,58.0,302,0.8754,27.9,84
2025-09-24,4,2,345,55,58.0,296,0.858,29.4,88
2025-09-25,4,2,345,55,58.0,292,0.8464,26.4,85
2025-09-26,4,2,345,55,58.0,299,0.8667,28.7,85
2025-09-27,4,2,345,55,58.0,290,0.8406,27.3,83
2025-09-28,4,2,345,55,58.0,305,0.8841,29.1,88
2025-09-29,4,2,345,56,58.0,293,0.8493,26.6,85
2025-09-30,4,2,345,56,58.0,297,0.8609,28.4,86
2025-10-01,4,2,345,56,58.0,284,0.8232,27.8,84
2025-10-02,4,2,345,56,58.0,291,0.8435,29.5,86
2025-10-03,4,2,345,56,58.0,288,0.8348,26.9,83
2025-10-04,4,2,345,56,58.0,295,0.8551,28.2,87
2025-10-05,4,2,345,56,58.0,282,0.8174,27.1,85
2025-10-06,4,2,345,56,58.0,299,0.8667,29.3,87
2025-10-07,4,2,345,57,58.0,293,0.8493,26.7,84
2025-10-08,4,2,345,57,58.0,290,0.8406,28.9,87
2025-10-09,4,2,345,57,58.0,296,0.858,27.5,85
2025-10-10,4,2,345,57,58.0,285,0.8261,29.2,86
2025-10-11,4,2,345,57,58.0,292,0.8464,26.8,84
2025-10-12,4,2,345,57,58.0,298,0.8638,28.6,87
2025-10-13,4,2,345,57,58.0,287,0.8319,27.4,85
2025-10-14,4,2,345,57,58.0,294,0.8522,29.1,87
2025-10-15,4,2,345,58,58.0,289,0.8377,26.5,84
2025-10-16,4,2,345,58,58.0,295,0.8551,28.8,88
2025-10-17,4,2,345,58,58.0,283,0.8203,27.9,84
2025-10-18,4,2,345,58,58.0,291,0.8435,29.4,86
2025-10-19,4,2,345,58,58.0,286,0.829,26.3,84
2025-10-20,4,2,345,58,58.0,297,0.8609,28.7,87
2025-10-21,4,2,345,58,58.0,284,0.8232,27.2,85
2025-10-22,4,2,345,59,58.0,292,0.8464,29.6,86
2025-10-23,4,2,345,59,58.0,288,0.8348,26.9,84
2025-10-24,4,2,345,59,58.0,294,0.8522,28.5,88
2025-10-25,4,2,345,59,58.0,281,0.8145,27.8,84
2025-10-26,4,2,345,59,58.0,290,0.8406,29.3,87
2025-10-27,4,2,345,59,58.0,285,0.8261,26.4,84
2025-10-28,4,2,345,59,58.0,296,0.858,28.9,87
2025-10-29,4,2,345,60,58.0,287,0.8319,27.5,85
2026-02-10,5,2,296,79,54.5,219,0.7399,25.2,68
2026-02-11,5,2,296,79,54.5,212,0.7162,25.8,85
2026-02-12,5,2,296,79,54.5,218,0.7365,24.7,75
2026-02-13,5,2,296,79,54.5,210,0.7095,27.5,71
2026-02-14,5,2,296,79,54.5,204,0.6892,28.3,67
2026-02-15,5,2,296,80,54.5,215,0.7264,26.9,71
2026-02-16,5,2,296,80,54.5,215,0.7264,30.3,71
2026-02-17,5,2,296,80,54.5,216,0.7297,25.3,75
2026-02-18,5,2,296,80,54.5,225,0.7601,24.6,81
2026-02-19,5,2,296,80,54.5,207,0.6993,24.0,76
2026-02-20,5,2,296,80,54.5,215,0.7264,28.1,65
2026-02-21,5,2,296,80,54.5,214,0.723,26.9,80
2026-02-22,5,2,295,81,54.0,209,0.7085,26.6,74
2026-02-23,5,2,295,81,54.0,210,0.7119,26.7,64
2026-02-24,5,2,295,81,54.0,196,0.6644,29.0,72
2026-02-25,5,2,295,81,54.0,214,0.7254,24.0,77
2026-02-26,5,2,295,81,54.0,212,0.7186,26.2,77
2026-02-27,5,2,295,81,54.0,213,0.722,28.4,70
2026-02-28,5,2,295,81,54.0,206,0.6983,27.9,83
2026-03-01,5,2,295,82,54.0,195,0.661,30.0,65
2026-03-02,5,2,295,82,54.0,200,0.678,29.3,76
2026-03-03,5,2,295,82,54.0,205,0.6949,30.0,64
2026-03-04,5,2,295,82,54.0,206,0.6983,29.1,67
2026-03-05,5,2,295,82,54.0,210,0.7119,30.0,70
2026-03-06,5,2,295,82,54.0,217,0.7356,27.8,75
2026-03-07,5,2,295,82,54.0,210,0.7119,28.7,74
2026-03-08,5,2,295,83,54.0,217,0.7356,26.6,82
2026-03-09,5,2,295,83,54.0,215,0.7288,25.6,79
2026-03-10,5,2,295,83,54.0,220,0.7458,26.0,79
2026-03-11,5,2,295,83,54.0,221,0.7492,26.1,65
2026-03-12,5,2,295,83,54.0,220,0.7458,27.0,70
2026-03-13,5,2,295,83,54.0,220,0.7458,27.0,70
2026-03-14,5,2,295,83,54.0,220,0.7458,26.2,56
2026-03-15,5,2,295,84,54.0,217,0.7356,27.0,62
2026-03-16,5,2,295,84,54.0,217,0.7356,26.0,51
2026-03-17,5,2,295,84,54.0,220,0.7458,28.2,69
2026-03-18,5,2,295,84,54.0,217,0.7356,31.5,69
2026-03-19,5,2,295,84,54.0,220,0.7458,27.1,71
2026-03-20,5,2,295,84,54.0,219,0.7424,29.7,60
2026-03-21,5,2,295,84,54.0,218,0.739,27.5,71
2026-03-22,5,2,294,85,54.0,219,0.7449,27.7,69
2026-03-23,5,2,294,85,54.0,227,0.7721,26.6,66
2026-03-24,5,2,294,85,54.0,212,0.7211,28.2,66
2026-03-25,5,2,294,85,54.0,219,0.7449,27.8,78
2026-03-26,5,2,294,85,54.0,215,0.7313,28.3,74
2026-03-27,5,2,293,85,54.0,214,0.7304,29.2,62
2026-03-28,5,2,293,85,54.0,198,0.6758,30.0,61
2026-03-29,5,2,293,86,54.0,200,0.6826,29.8,57
2026-03-30,5,2,293,86,54.0,211,0.7201,29.4,69
2026-03-31,5,2,293,86,54.0,200,0.6826,27.9,71
2026-04-01,5,2,302,86,50.0,211,0.6987,32.2,58
2026-04-02,5,2,302,86,50.0,205,0.6788,30.2,64
2026-04-03,5,2,301,86,50.0,207,0.6877,29.8,66
2026-04-04,5,2,301,86,50.0,204,0.6777,31.8,59
2026-04-05,5,2,301,87,50.0,214,0.711,28.0,77
2026-04-06,5,2,301,87,50.0,211,0.701,28.5,64
2026-04-07,5,2,301,87,50.0,212,0.7043,28.2,70
2026-04-08,5,2,301,87,50.0,215,0.7143,29.4,69
2026-04-09,5,2,301,87,50.0,214,0.711,31.2,66
2026-04-10,5,2,300,87,50.0,214,0.7133,29.8,68
2026-04-11,5,2,308,87,50.0,225,0.7305,30.2,55
2026-04-12,5,2,308,88,50.0,217,0.7045,30.2,62
2026-04-13,5,2,308,88,50.0,215,0.6981,28.7,75
2026-04-14,5,2,308,88,50.0,210,0.6818,28.0,76
2026-04-15,5,2,314,88,60.0,221,0.7038,29.3,67
2026-04-16,5,2,314,88,60.0,217,0.6911,30.2,64
2026-04-17,5,2,348,88,80.0,339,0.9741,28.4,65
2026-04-18,5,2,448,88,90.0,313,0.6987,30.2,63
2026-04-19,5,2,446,89,90.0,336,0.7534,30.1,64
2026-04-20,5,2,446,89,90.0,342,0.7668,28.7,67
2026-04-21,5,2,445,89,90.0,340,0.764,29.8,68
2026-04-22,5,2,445,89,90.0,354,0.7955,28.9,69
2026-04-23,5,2,445,89,90.0,364,0.818,30.0,61
2026-04-24,5,2,444,89,90.0,393,0.8851,31.3,66
2026-04-25,5,2,444,89,90.0,397,0.8941,30.8,70
2026-04-26,5,2,562,90,100.0,404,0.7189,31.1,69
2026-04-27,5,2,562,90,100.0,412,0.7331,29.1,75
2026-04-28,5,2,562,90,100.0,413,0.7349,31.8,67
2026-04-29,5,2,562,90,100.0,427,0.7598,30.7,69
2026-04-30,5,2,562,90,100.0,420,0.7473,29.0,76
2026-05-01,5,2,561,90,100.0,412,0.7344,31.0,69
2026-05-02,5,2,561,90,100.0,420,0.7487,31.5,66
2026-05-03,5,2,560,91,100.0,415,0.7411,31.7,66
2026-05-04,5,2,559,91,100.0,415,0.7424,30.5,64
2026-05-05,5,2,559,91,100.0,428,0.7657,29.5,67
2026-05-06,5,2,559,91,100.0,418,0.7478,30.6,65
2026-05-07,5,2,559,91,100.0,417,0.746,28.9,70
2026-05-08,5,2,559,91,100.0,410,0.7335,30.4,64
2026-05-09,5,2,559,91,100.0,402,0.7191,29.5,78
2026-05-10,5,2,559,92,100.0,487,0.8712,29.5,72
2026-05-11,5,2,559,92,100.0,387,0.6923,30.0,67
2026-05-12,5,2,559,92,100.0,393,0.703,29.7,66
2026-05-13,5,2,559,92,100.0,403,0.7209,34.4,54
2026-05-14,5,2,559,92,100.0,388,0.6941,31.8,64
2026-05-15,5,2,559,92,100.0,397,0.7102,31.3,69
2026-05-16,5,2,558,92,100.0,395,0.7079,30.3,69
2026-05-17,5,2,558,93,100.0,401,0.7186,30.0,70
2026-05-18,5,2,558,93,100.0,391,0.7007,29.7,74
2026-05-19,5,2,558,93,100.0,387,0.6935,30.4,74
2026-05-20,5,2,557,93,100.0,399,0.7163,31.0,71
2026-05-21,5,2,557,93,100.0,405,0.7271,30.5,75
2026-05-22,5,2,557,93,100.0,406,0.7289,29.9,76
2026-05-23,5,2,556,93,100.0,396,0.7122,31.2,69
2026-05-24,5,2,556,94,100.0,369,0.6637,31.0,70
2026-05-25,5,2,556,94,100.0,378,0.6799,31.0,68
2026-05-26,5,2,556,94,100.0,366,0.6583,31.0,69
2026-05-27,5,2,556,94,100.0,364,0.6547,31.8,70
